Workbook

Sheet Sheet1
A1: 运营 | B1: 门店号 | C1: 战区 | D1: 省份 | E1: 店铺名称 | F1: 预计开业 | G1: 实际开业 | H1: 建店单 | I1: 资料包 | J1: 当前审批状态 | K1: 审批流程
A2: 王 | B2: 2327 | C2: 浙江 | D2: 浙江 | E2: 诸暨大润发店 | F2: 46016 | G2: 46016 | H2: 已提交 | I2: 已收集
A3: 段 | B3: 2401 | C3: 安徽 | D3: 江苏 | E3: 徐州怡和广场店 | F3: 46016 | G3: 46016 | H3: 已提交 | I3: 已收集
A4: 陈 | B4: 2346 | C4: 华中 | D4: 湖北 | E4: 咸宁通城店 | F4: 46016 | G4: 46016 | H4: 已提交 | I4: 已收集
A5: 陈 | B5: 2334 | C5: 华中 | D5: 湖北 | E5: 咸宁温泉店 | F5: 46016 | G5: 46016 | H5: 已提交 | I5: 已收集
A6: 钟 | B6: 2365 | C6: 粤闽 | D6: 广东 | E6: 梅州丰良店 | F6: 46016 | G6: 46016 | H6: 已提交 | I6: 已收集
A7: 吴 | B7: 2398 | C7: 华中 | D7: 新疆 | E7: 博尔塔拉精河店 | F7: 46016 | G7: 46016 | H7: 已提交 | I7: 已收集
A8: 王 | B8: 2385 | C8: 西南 | D8: 云南 | E8: 昆明云岭天骄店 | F8: 46016 | G8: 46016 | H8: 已提交 | I8: 已收集 | J8: 已通过 | K8: =VLOOKUP(B8,[1]线上建店审批明细!$A:$E,5,0) -> 已抄送 | 线上督导-鹿世鸣-督导部 已抄送 01/11 16:13; 已同意 | 贺龙娇 已同意 01/12 16:40; 已同意 | 杨文慧 已同意 01/12 17:15; 已同意 | 施工监理-范钟欣-13817733545 已同意 01/12 17:39; 已同意 | 王伟清 已同意 01/13 10:01; 已同意 | 刘崇宇-18616022203-督导部 已同意 01/13 17:42; 已同意 | 蔡文佳-18916500662-线下运营部 已同意 01/13 21:12; 已同意 | 线下堂食助理-婷婷 已同意 01/14 10:24; 已同意 | 单玮-13816935059-督导部 已同意 01/14 18:33; 已抄送 | 卢家豪 已抄送 01/14 18:33; 已抄送 | 抖音&快手-周幂-17521714387 已抄送 01/14 18:33; 已同意 | 苏磊 已同意 01/14 18:33; 已抄送 | 翁嘉隆-线上运营总监-13611699917 已抄送 01/14 18:33; 已同意 | 陈宇航-线上助理-18350349892 三平台建店完成 已同意 01/19 17:08; 已抄送 | 谢芳 已抄送 01/19 17:08; 已抄送 | 黄琪艳 已抄送 01/19 17:08; 已抄送 | 王京海 已抄送 01/19 17:08
A9: 钟 | B9: 2296 | C9: 粤桂 | D9: 广东 | E9: 珠海金鼎店 | F9: 46017 | G9: 46017 | H9: 已提交 | I9: 已收集
A10: 钟 | B10: 2203 | C10: 粤桂 | D10: 广东 | E10: 肇庆幸福湖畔店 | F10: 46017 | G10: 46017 | H10: 已提交 | I10: 已收集
A11: 陈 | B11: 2410 | C11: 西南 | D11: 湖南 | E11: 娄底涟钢店 | F11: 46017 | G11: 46017 | H11: 已提交 | I11: 已收集
A12: 陈 | B12: 2237 | C12: 华中 | D12: 湖北 | E12: 潜江江汉路店 | F12: 46017 | G12: 46017 | H12: 已提交 | I12: 已收集
A13: 窦 | B13: 2404 | C13: 华中 | D13: 河南 | E13: 永城永兴街店 | F13: 46017 | G13: 46017 | H13: 已提交 | I13: 已收集
A14: 钟 | B14: 2338 | C14: 粤桂 | D14: 海南 | E14: 琼海元亨街店 | F14: 46017 | G14: 46017 | H14: 已提交 | I14: 已收集
A15: 吴 | B15: 2311 | C15: 华中 | D15: 江西 | E15: 兴国翡翠广场店 | F15: 46018 | G15: 46018 | H15: 已提交 | I15: 已收集
A16: 马 | B16: 2352 | C16: 华北 | D16: 河北 | E16: 邯郸复兴商贸城店 | F16: 46018 | G16: 46018 | H16: 已提交 | I16: 已收集
A17: 钟 | B17: 2354 | C17: 粤桂 | D17: 广西 | E17: 柳州中天城店 | F17: 46018 | G17: 46018 | H17: 已提交 | I17: 已收集
A18: 钟 | B18: 2362 | C18: 粤桂 | D18: 广东 | E18: 中山沙溪店 | F18: 46018 | G18: 46018 | H18: 已提交 | I18: 已收集
A19: 钟 | B19: 2414 | C19: 粤桂 | D19: 广东 | E19: 长安横增店 | F19: 46018 | G19: 46018 | H19: 已提交 | I19: 已收集 | J19: 已通过 | K19: =VLOOKUP(B19,[1]线上建店审批明细!$A:$E,5,0) -> 已抄送 | 线上督导服务号-如有异议请联系区域经理（此账号不做回复） 已抄送 01/13 10:13; 已抄送 | 线上督导-鹿世鸣-督导部 已抄送 01/13 10:13; 已同意 | 贺龙娇 已同意 01/14 15:36; 已同意 | 杨文慧 已同意 01/14 15:52; 已同意 | 施工监理-范钟欣-13817733545 已同意 01/14 17:33; 已同意 | 王伟清 已同意 01/14 17:50; 已同意 | 刘崇宇-18616022203-督导部 已同意 01/15 13:44; 已同意 | 蔡文佳-18916500662-线下运营部 已同意 01/15 15:00; 已同意 | 线下堂食助理-婷婷 已同意 01/15 15:39; 已同意 | 单玮-13816935059-督导部 已同意 01/15 17:15; 已抄送 | 卢家豪 已抄送 01/15 17:15; 已抄送 | 抖音&快手-周幂-17521714387 已抄送 01/15 17:15; 已同意 | 苏磊 已同意 01/15 17:15; 已抄送 | 翁嘉隆-线上运营总监-13611699917 已抄送 01/15 17:15; 已同意 | 陈宇航-线上助理-18350349892 三平台建店完成 已同意 01/19 17:11; 已抄送 | 谢芳 已抄送 01/19 17:11; 已抄送 | 黄琪艳 已抄送 01/19 17:11; 已抄送 | 王京海 已抄送 01/19 17:11
A20: 钟 | B20: 2426 | C20: 粤桂 | D20: 广东 | E20: 广州新塘广场店 | F20: 46018 | G20: 46018 | H20: 已提交 | I20: 已收集
A21: 段 | B21: 2411 | C21: 江苏 | D21: 江苏 | E21: 苏州盛泽欧盛花园店 | F21: 46019 | G21: 46019 | H21: 已提交 | I21: 已收集
A22: 窦 | B22: 2453 | C22: 华中 | D22: 河南 | E22: 驻马店黄海学院店 | F22: 46020 | G22: 46020 | H22: 已提交 | I22: 已收集
A23: 段 | B23: 2257 | C23: 安徽 | D23: 江苏 | E23: 南京奥体店 | F23: 46020 | G23: 46020 | H23: 已提交 | I23: 已收集
A24: 吴 | B24: 2442 | C24: 西南 | D24: 重庆 | E24: 重庆邮电大学店 | F24: 46020 | G24: 46020 | H24: 已提交 | I24: 已收集
A25: 钟 | B25: 2369 | C25: 粤桂 | D25: 广东 | E25: 佛山乐从天佑城店 | F25: 46386 | G25: 46386 | H25: 已提交 | I25: 已收集
A26: 马 | B26: 2421 | C26: 华北 | D26: 河北 | E26: 承德宽城店 | F26: 46022 | G26: 46022 | H26: 已提交 | I26: 已收集
A27: 王 | B27: 2470 | C27: 浙江 | D27: 浙江 | E27: 温州仙岩店 | F27: 46022 | G27: 46022 | H27: 已提交 | I27: 已收集
A28: 陈 | B28: 2376 | C28: 华中 | D28: 湖北 | E28: 武汉东立国际店 | F28: 46023 | G28: 46023 | H28: 已提交 | I28: 已收集 | J28: 已通过 | K28: =VLOOKUP(B28,[1]线上建店审批明细!$A:$E,5,0) -> 已抄送 | 线上督导服务号-如有异议请联系区域经理（此账号不做回复） 已抄送 01/25 10:44; 已抄送 | 谢芳 已抄送 01/25 10:44; 已抄送 | 线上督导-鹿世鸣-督导部 已抄送 01/25 10:44; 已同意 | 李婕 已同意 01/26 19:06; 已同意 | 杨文慧 已同意 01/26 19:16; 已同意 | 施工监理-范钟欣-13817733545 已同意 01/27 09:12; 已同意 | 王伟清 已同意 01/27 09:13; 已同意 | 刘崇宇-18616022203-督导部 已同意 01/30 13:46; 已同意 | 蔡文佳-18916500662-线下运营部 已同意 01/30 16:08; 已同意 | 线下堂食助理-婷婷 已同意 01/30 16:14; 已同意 | 单玮-13816935059-督导部 已同意 01/30 16:55; 已抄送 | 卢家豪 已抄送 01/30 16:55; 已抄送 | 抖音&快手-周幂-17521714387 已抄送 01/30 16:55; 已同意 | 苏磊 已同意 01/30 17:04; 已抄送 | 翁嘉隆-线上运营总监-13611699917 已抄送 01/30 17:04; 已同意 | 陈宇航-线上助理-18350349892 门店换证 已同意 02/05 11:46; 已抄送 | 谢芳 已抄送 02/05 11:46; 已抄送 | 黄琪艳 已抄送 02/05 11:46; 已抄送 | 王京海 已抄送 02/05 11:46
A29: 吴 | B29: 2420 | C29: 华中 | D29: 陕西 | E29: 西安学府大街店 | F29: 45658 | G29: 45658 | H29: 已提交 | I29: 已收集 | J29: 已通过 | K29: =VLOOKUP(B29,[1]线上建店审批明细!$A:$E,5,0) -> 已抄送 | 线上督导服务号-如有异议请联系区域经理（此账号不做回复） 已抄送 01/13 15:25; 已抄送 | 谢芳 已抄送 01/13 15:25; 已抄送 | 线上督导-鹿世鸣-督导部 已抄送 01/13 15:25; 已同意 | 贺龙娇 已同意 01/13 20:58; 已同意 | 谢珍珍 已同意 01/14 10:20; 已同意 | 施工监理-范钟欣-13817733545 已同意 01/14 17:11; 已同意 | 王伟清 已同意 01/14 17:51; 已同意 | 刘崇宇-18616022203-督导部 已同意 01/15 13:43; 已同意 | 蔡文佳-18916500662-线下运营部 已同意 01/15 15:03; 已同意 | 线下堂食助理-婷婷 已同意 01/15 15:38; 已同意 | 单玮-13816935059-督导部 已同意 01/15 17:15; 已抄送 | 卢家豪 已抄送 01/15 17:15; 已抄送 | 抖音&快手-周幂-17521714387 已抄送 01/15 17:15; 已同意 | 苏磊 已同意 01/15 17:15; 已抄送 | 翁嘉隆-线上运营总监-13611699917 已抄送 01/15 17:15; 已同意 | 陈宇航-线上助理-18350349892 三平台建店完成 已同意 01/19 17:12; 已抄送 | 谢芳 已抄送 01/19 17:12; 已抄送 | 黄琪艳 已抄送 01/19 17:12; 已抄送 | 王京海 已抄送 01/19 17:12
A30: 吴 | B30: 2382 | C30: 华中 | D30: 陕西 | E30: 西安鄠邑店 | F30: 46023 | G30: 46023 | H30: 已提交 | I30: 已收集
A31: 吴 | B31: 2481 | C31: 华中 | D31: 江西 | E31: 瑞金文化广场店 | F31: 46024 | G31: 46024 | H31: 已提交 | I31: 已收集 | J31: 已通过 | K31: =VLOOKUP(B31,[1]线上建店审批明细!$A:$E,5,0) -> 已抄送 | 线上督导服务号-如有异议请联系区域经理（此账号不做回复） 已抄送 01/12 11:31; 已抄送 | 线上督导-鹿世鸣-督导部 已抄送 01/12 11:31; 已同意 | 诸静逸 已同意 01/12 11:41; 已同意 | 谢珍珍 已同意 01/12 11:44; 已同意 | 施工监理-范钟欣-13817733545 已同意 01/12 15:52; 已同意 | 王伟清 已同意 01/12 16:08; 已同意 | 刘崇宇-18616022203-督导部 已同意 01/12 17:44; 已同意 | 蔡文佳-18916500662-线下运营部 已同意 01/13 11:26; 已同意 | 线下堂食助理-婷婷 已同意 01/13 11:41; 已同意 | 单玮-13816935059-督导部 已同意 01/13 16:55; 已抄送 | 卢家豪 已抄送 01/13 16:55; 已抄送 | 抖音&快手-周幂-17521714387 已抄送 01/13 16:55; 已同意 | 苏磊 已同意 01/13 16:55; 已抄送 | 翁嘉隆-线上运营总监-13611699917 已抄送 01/13 16:55; 已同意 | 陈宇航-线上助理-18350349892 三平台建店完成 已同意 01/17 17:15; 已抄送 | 谢芳 已抄送 01/17 17:15; 已抄送 | 黄琪艳 已抄送 01/17 17:15; 已抄送 | 王京海 已抄送 01/17 17:15
A32: 钟 | B32: 2446 | C32: 粤桂 | D32: 广东 | E32: 东莞横沥时代倾城店 | F32: 46024 | G32: 46024 | H32: 已提交 | I32: 已收集 | J32: 已通过 | K32: =VLOOKUP(B32,[1]线上建店审批明细!$A:$E,5,0) -> 已抄送 | 线下堂食助理-婷婷 已抄送 01/09 14:35; 已抄送 | 蔡文佳-18916500662-线下运营部 已抄送 01/09 14:35; 已抄送 | 谢芳 已抄送 01/09 14:35; 已抄送 | 线上督导-鹿世鸣-督导部 已抄送 01/09 14:35; 已转审 | 贺龙娇 已转审 01/10 17:26; 已同意 | 诸静逸 已同意 01/12 12:28; 已同意 | 杨文慧 已同意 01/12 12:30; 已同意 | 施工监理-范钟欣-13817733545 已同意 01/12 15:51; 已同意 | 王伟清 已同意 01/12 16:09; 已同意 | 刘崇宇-18616022203-督导部 已同意 01/12 17:43; 已同意 | 蔡文佳-18916500662-线下运营部 已同意 01/13 11:28; 已同意 | 线下堂食助理-婷婷 已同意 01/13 11:41; 已同意 | 单玮-13816935059-督导部 已同意 01/13 16:55; 已抄送 | 卢家豪 已抄送 01/13 16:55; 已抄送 | 抖音&快手-周幂-17521714387 已抄送 01/13 16:55; 已同意 | 苏磊 已同意 01/13 16:56; 已抄送 | 翁嘉隆-线上运营总监-13611699917 已抄送 01/13 16:56; 已同意 | 陈宇航-线上助理-18350349892 三平台建店完成 已同意 01/17 17:16; 已抄送 | 谢芳 已抄送 01/17 17:16; 已抄送 | 黄琪艳 已抄送 01/17 17:16; 已抄送 | 王京海 已抄送 01/17 17:16
A33: 钟 | B33: 2435 | C33: 粤桂 | D33: 广东 | E33: 东莞三中市场店 | F33: 46025 | G33: 46025 | H33: 已提交 | I33: 已收集 | J33: 审批中 | K33: =VLOOKUP(B33,[1]线上建店审批明细!$A:$E,5,0) -> 已抄送 | 线上督导服务号-如有异议请联系区域经理（此账号不做回复） 已抄送 01/13 15:26; 已抄送 | 谢芳 已抄送 01/13 15:26; 已抄送 | 线上督导-鹿世鸣-督导部 已抄送 01/13 15:26; 已同意 | 贺龙娇 已同意 01/13 20:56; 已同意 | 谢珍珍 已同意 01/14 10:20; 已同意 | 施工监理-范钟欣-13817733545 已同意 01/27 10:34; 已同意 | 王伟清 已同意 01/27 11:09; 已同意 | 刘崇宇-18616022203-督导部 已同意 01/30 13:48; 已同意 | 蔡文佳-18916500662-线下运营部 已同意 01/30 16:15; 已同意 | 线下堂食助理-婷婷 已同意 01/30 16:16; 已同意 | 单玮-13816935059-督导部 已同意 01/30 16:51; 已抄送 | 卢家豪 已抄送 01/30 16:51; 已抄送 | 抖音&快手-周幂-17521714387 已抄送 01/30 16:51; 已同意 | 苏磊 已同意 01/30 17:04; 已抄送 | 翁嘉隆-线上运营总监-13611699917 已抄送 01/30 17:04
A34: 陈 | B34: 2405 | C34: 西南 | D34: 湖南 | E34: 株洲职教城店 | F34: 46025 | G34: 46025 | H34: 已提交 | I34: 已收集
A35: 钟 | B35: 2360 | C35: 粤桂 | D35: 广东 | E35: 惠州三栋店 | F35: 46027 | G35: 46027 | H35: 已提交 | I35: 已收集 | J35: 已通过 | K35: =VLOOKUP(B35,[1]线上建店审批明细!$A:$E,5,0) -> 已抄送 | 线上督导服务号-如有异议请联系区域经理（此账号不做回复） 已抄送 01/12 15:19; 已抄送 | 线上督导-鹿世鸣-督导部 已抄送 01/12 15:19; 已同意 | 贺龙娇 已同意 01/12 16:05; 已同意 | 杨文慧 已同意 01/12 16:14; 已同意 | 施工监理-范钟欣-13817733545 已同意 01/12 16:34; 已同意 | 王伟清 已同意 01/12 18:25; 已同意 | 刘崇宇-18616022203-督导部 已同意 01/27 15:11; 已同意 | 蔡文佳-18916500662-线下运营部 已同意 01/27 20:39; 已同意 | 休息中-线下堂食助理-婷婷 已同意 01/28 09:57; 已同意 | 单玮-13816935059-督导部 已同意 01/28 10:19; 已抄送 | 卢家豪 已抄送 01/28 10:19; 已抄送 | 抖音&快手-周幂-17521714387 已抄送 01/28 10:19; 已同意 | 苏磊 已同意 01/28 10:19; 已抄送 | 翁嘉隆-线上运营总监-13611699917 已抄送 01/28 10:19; 已同意 | 陈宇航-线上助理-18350349892 三平台建店完成 已同意 01/31 11:20; 已抄送 | 谢芳 已抄送 01/31 11:20; 已抄送 | 黄琪艳 已抄送 01/31 11:20; 已抄送 | 王京海 已抄送 01/31 11:20
A36: 王 | B36: 2436 | C36: 华中 | D36: 河南 | E36: 鹤壁体育公园店 | F36: 46026 | G36: 46026 | H36: 已提交 | I36: 已收集 | J36: 已通过 | K36: =VLOOKUP(B36,[1]线上建店审批明细!$A:$E,5,0) -> 已抄送 | 线下堂食助理-婷婷 已抄送 01/08 10:16; 已抄送 | 蔡文佳-18916500662-线下运营部 已抄送 01/08 10:16; 已抄送 | 谢芳 已抄送 01/08 10:16; 已同意 | 贺龙娇 已同意 01/08 15:30; 已同意 | 杨文慧 已同意 01/08 15:43; 已同意 | 施工监理-范钟欣-13817733545 已同意 01/08 15:57; 已同意 | 王伟清 已同意 01/08 15:57; 已同意 | 刘崇宇-18616022203-督导部 已同意 01/08 18:27; 已同意 | 蔡文佳-18916500662-线下运营部 已同意 01/09 16:47; 已同意 | 线下堂食助理-婷婷 已同意 01/09 16:49; 已同意 | 单玮-13816935059-督导部 已同意 01/09 18:37; 已抄送 | 卢家豪 已抄送 01/09 18:37; 已抄送 | 抖音&快手-周幂-17521714387 已抄送 01/09 18:37; 已同意 | 苏磊 已同意 01/09 18:41; 已同意 | 陈宇航-线上助理-18350349892 三平台建店完成 已同意 01/14 14:51; 已抄送 | 谢芳 已抄送 01/14 14:51; 已抄送 | 黄琪艳 已抄送 01/14 14:51; 已抄送 | 王京海 已抄送 01/14 14:51
A37: 窦 | B37: 2463 | C37: 华中 | D37: 河南 | E37: 洛阳南昌路王府井店 | F37: 46026 | G37: 46026 | H37: 已提交 | I37: 已收集 | J37: 已通过 | K37: =VLOOKUP(B37,[1]线上建店审批明细!$A:$E,5,0) -> 已抄送 | 线上督导-鹿世鸣-督导部 已抄送 01/10 17:58; 已同意 | 诸静逸 已同意 01/12 13:32; 已同意 | 杨文慧 已同意 01/12 13:50; 已同意 | 施工监理-范钟欣-13817733545 已同意 01/12 15:48; 已同意 | 王伟清 已同意 01/12 16:09; 已同意 | 刘崇宇-18616022203-督导部 已同意 01/13 17:37; 已同意 | 蔡文佳-18916500662-线下运营部 已同意 01/13 21:10; 已同意 | 线下堂食助理-婷婷 已同意 01/14 10:23; 已同意 | 单玮-13816935059-督导部 已同意 01/14 14:07; 已抄送 | 卢家豪 已抄送 01/14 14:07; 已抄送 | 抖音&快手-周幂-17521714387 已抄送 01/14 14:07; 已同意 | 苏磊 已同意 01/14 14:12; 已抄送 | 翁嘉隆-线上运营总监-13611699917 已抄送 01/14 14:12; 已同意 | 陈宇航-线上助理-18350349892 三平台建店完成 已同意 01/19 17:08; 已抄送 | 谢芳 已抄送 01/19 17:08; 已抄送 | 黄琪艳 已抄送 01/19 17:08; 已抄送 | 王京海 已抄送 01/19 17:08
A38: 钟 | B38: 2328 | C38: 粤桂 | D38: 广东 | E38: 中山海雅缤纷城店 | F38: 46027 | G38: 46027 | H38: 已提交 | I38: 已收集 | J38: 已通过 | K38: =VLOOKUP(B38,[1]线上建店审批明细!$A:$E,5,0) -> 已抄送 | 线上督导-鹿世鸣-督导部 已抄送 01/10 17:15; 已同意 | 贺龙娇 已同意 01/10 17:33; 已同意 | 杨文慧 已同意 01/10 17:45; 已同意 | 施工监理-范钟欣-13817733545 已同意 01/10 17:50; 已同意 | 王伟清 已同意 01/12 10:18; 已同意 | 刘崇宇-18616022203-督导部 已同意 01/12 17:42; 已同意 | 蔡文佳-18916500662-线下运营部 已同意 01/13 11:31; 已同意 | 线下堂食助理-婷婷 已同意 01/13 11:42; 已同意 | 单玮-13816935059-督导部 已同意 01/13 16:55; 已抄送 | 卢家豪 已抄送 01/13 16:55; 已抄送 | 抖音&快手-周幂-17521714387 已抄送 01/13 16:55; 已同意 | 苏磊 已同意 01/13 16:56; 已抄送 | 翁嘉隆-线上运营总监-13611699917 已抄送 01/13 16:56; 已同意 | 陈宇航-线上助理-18350349892 三平台建店完成 已同意 01/17 17:16; 已抄送 | 谢芳 已抄送 01/17 17:16; 已抄送 | 黄琪艳 已抄送 01/17 17:16; 已抄送 | 王京海 已抄送 01/17 17:16
A39: 陈 | B39: 2434 | C39: 华中 | D39: 湖北 | E39: 石首新天地店 | F39: 46027 | G39: 46027 | H39: 已提交 | I39: 已收集 | J39: 已通过 | K39: =VLOOKUP(B39,[1]线上建店审批明细!$A:$E,5,0) -> 已抄送 | 线下堂食助理-婷婷 已抄送 01/09 14:25; 已抄送 | 蔡文佳-18916500662-线下运营部 已抄送 01/09 14:25; 已抄送 | 谢芳 已抄送 01/09 14:25; 已抄送 | 线上督导-鹿世鸣-督导部 已抄送 01/09 14:25; 已同意 | 贺龙娇 已同意 01/10 17:33; 已同意 | 杨文慧 已同意 01/10 17:45; 已同意 | 施工监理-范钟欣-13817733545 已同意 01/10 17:51; 已同意 | 王伟清 已同意 01/12 10:19; 已同意 | 刘崇宇-18616022203-督导部 已同意 01/12 17:41; 已同意 | 蔡文佳-18916500662-线下运营部 已同意 01/13 11:37; 已同意 | 线下堂食助理-婷婷 已同意 01/13 11:43; 已同意 | 单玮-13816935059-督导部 已同意 01/13 14:28; 已抄送 | 卢家豪 已抄送 01/13 14:28; 已抄送 | 抖音&快手-周幂-17521714387 已抄送 01/13 14:28; 已同意 | 苏磊 已同意 01/13 14:30; 已抄送 | 翁嘉隆-线上运营总监-13611699917 已抄送 01/13 14:30; 已同意 | 陈宇航-线上助理-18350349892 三平台建店完成 已同意 01/17 17:15; 已抄送 | 谢芳 已抄送 01/17 17:15; 已抄送 | 黄琪艳 已抄送 01/17 17:15; 已抄送 | 王京海 已抄送 01/17 17:15
A40: 窦 | B40: 2432 | C40: 华中 | D40: 河南 | E40: 南阳唐河店 | F40: 46027 | G40: 46027 | H40: 已提交 | I40: 已收集
A41: 马 | B41: 2412 | C41: 华中 | D41: 河南 | E41: 安阳北大街店 | F41: 46027 | G41: 46027 | H41: 已提交 | I41: 已收集 | J41: 已通过 | K41: =VLOOKUP(B41,[1]线上建店审批明细!$A:$E,5,0) -> 已抄送 | 线上督导-鹿世鸣-督导部 已抄送 01/10 10:13; 已同意 | 贺龙娇 已同意 01/10 16:19; 已同意 | 杨文慧 已同意 01/10 17:23; 已同意 | 施工监理-范钟欣-13817733545 已同意 01/10 17:31; 已同意 | 王伟清 已同意 01/10 17:35; 已同意 | 刘崇宇-18616022203-督导部 已同意 01/10 20:59; 已同意 | 蔡文佳-18916500662-线下运营部 已同意 01/11 13:36; 已同意 | 线下堂食助理-婷婷 已同意 01/11 19:36; 已同意 | 单玮-13816935059-督导部 已同意 01/13 10:58; 已抄送 | 卢家豪 已抄送 01/13 10:58; 已抄送 | 抖音&快手-周幂-17521714387 已抄送 01/13 10:58; 已同意 | 苏磊 已同意 01/13 10:58; 已抄送 | 翁嘉隆-线上运营总监-13611699917 已抄送 01/13 10:58; 已同意 | 陈宇航-线上助理-18350349892 三平台建店完成 已同意 01/17 17:15; 已抄送 | 谢芳 已抄送 01/17 17:15; 已抄送 | 黄琪艳 已抄送 01/17 17:15; 已抄送 | 王京海 已抄送 01/17 17:15
A42: 段 | B42: 2425 | C42: 粤闽 | D42: 福建 | E42: 漳州云霄店 | F42: 46027 | G42: 46027 | H42: 已提交 | I42: 已收集
A43: 段 | B43: 2460 | C43: 粤闽 | D43: 福建 | E43: 泉州时代新城店 | F43: 46027 | G43: 46027 | H43: 已提交 | I43: 已收集
A44: 段 | B44: 2452 | C44: 粤闽 | D44: 福建 | E44: 大田店 | F44: 46027 | G44: 46027 | H44: 已提交 | I44: 已收集 | J44: 已通过 | K44: =VLOOKUP(B44,[1]线上建店审批明细!$A:$E,5,0) -> 已抄送 | 线上督导服务号-如有异议请联系区域经理（此账号不做回复） 已抄送 01/14 11:39; 已抄送 | 谢芳 已抄送 01/14 11:39; 已抄送 | 线上督导-鹿世鸣-督导部 已抄送 01/14 11:39; 已同意 | 贺龙娇 已同意 01/15 17:14; 已同意 | 杨文慧 已同意 01/15 17:18; 已同意 | 施工监理-范钟欣-13817733545 已同意 01/16 10:56; 已同意 | 王伟清 已同意 01/16 11:05; 已同意 | 刘崇宇-18616022203-督导部 已同意 01/19 15:42; 已同意 | 蔡文佳-18916500662-线下运营部 已同意 01/19 19:20; 已同意 | 线下堂食助理-婷婷 已同意 01/20 10:21; 已同意 | 单玮-13816935059-督导部 已同意 01/20 13:58; 已抄送 | 卢家豪 已抄送 01/20 13:58; 已抄送 | 抖音&快手-周幂-17521714387 已抄送 01/20 13:58; 已同意 | 苏磊 已同意 01/20 14:03; 已抄送 | 翁嘉隆-线上运营总监-13611699917 已抄送 01/20 14:03; 已同意 | 陈宇航-线上助理-18350349892 三平台建店完成 已同意 01/23 17:34; 已抄送 | 谢芳 已抄送 01/23 17:34; 已抄送 | 黄琪艳 已抄送 01/23 17:34; 已抄送 | 王京海 已抄送 01/23 17:34
A45: 窦 | B45: 2471 | C45: 华中 | D45: 河南 | E45: 鹤壁淇滨店 | F45: 46028 | G45: 46028 | H45: 已提交 | I45: 已收集 | J45: 已通过 | K45: =VLOOKUP(B45,[1]线上建店审批明细!$A:$E,5,0) -> 已抄送 | 线上督导-鹿世鸣-督导部 已抄送 01/11 11:16; 已同意 | 诸静逸 已同意 01/12 13:38; 已同意 | 杨文慧 已同意 01/12 13:51; 已同意 | 施工监理-范钟欣-13817733545 已同意 01/12 15:46; 已同意 | 王伟清 已同意 01/12 16:09; 已同意 | 刘崇宇-18616022203-督导部 已同意 01/12 17:40; 已同意 | 蔡文佳-18916500662-线下运营部 已同意 01/13 11:30; 已同意 | 线下堂食助理-婷婷 已同意 01/13 11:42; 已同意 | 单玮-13816935059-督导部 已同意 01/13 18:49; 已抄送 | 卢家豪 已抄送 01/13 18:49; 已抄送 | 抖音&快手-周幂-17521714387 已抄送 01/13 18:49; 已同意 | 苏磊 已同意 01/13 18:49; 已抄送 | 翁嘉隆-线上运营总监-13611699917 已抄送 01/13 18:49; 已同意 | 陈宇航-线上助理-18350349892 三平台建店完成 已同意 01/17 17:16; 已抄送 | 谢芳 已抄送 01/17 17:16; 已抄送 | 黄琪艳 已抄送 01/17 17:16; 已抄送 | 王京海 已抄送 01/17 17:16
A46: 窦 | B46: 2396 | C46: 华中 | D46: 河南 | E46: 郑州华盛里店 | F46: 46028 | G46: 46028 | H46: 已提交 | I46: 已收集 | J46: 已通过 | K46: =VLOOKUP(B46,[1]线上建店审批明细!$A:$E,5,0) -> 已抄送 | 线上督导-鹿世鸣-督导部 已抄送 01/12 09:33; 已同意 | 贺龙娇 已同意 01/14 15:38; 已同意 | 杨文慧 已同意 01/14 15:52; 已同意 | 施工监理-范钟欣-13817733545 已同意 01/14 17:34; 已同意 | 王伟清 已同意 01/14 17:50; 已同意 | 刘崇宇-18616022203-督导部 已同意 01/15 13:45; 已同意 | 蔡文佳-18916500662-线下运营部 已同意 01/15 14:56; 已同意 | 线下堂食助理-婷婷 已同意 01/15 15:40; 已同意 | 单玮-13816935059-督导部 已同意 01/15 17:15; 已抄送 | 卢家豪 已抄送 01/15 17:15; 已抄送 | 抖音&快手-周幂-17521714387 已抄送 01/15 17:15; 已同意 | 苏磊 已同意 01/15 17:15; 已抄送 | 翁嘉隆-线上运营总监-13611699917 已抄送 01/15 17:15; 已同意 | 陈宇航-线上助理-18350349892 三平台建店完成 已同意 01/19 17:11; 已抄送 | 谢芳 已抄送 01/19 17:11; 已抄送 | 黄琪艳 已抄送 01/19 17:11; 已抄送 | 王京海 已抄送 01/19 17:11
A47: 吴 | B47: 2477 | C47: 西南 | D47: 重庆 | E47: 金科世界城店 | F47: 46028 | G47: 46028 | H47: 已提交 | I47: 已收集
A48: 吴 | B48: 2428 | C48: 华中 | D48: 新疆 | E48: 乌鲁木齐米东店 | F48: 46028 | G48: 46028 | H48: 已提交 | I48: 已收集
A49: 钟 | B49: 2341 | C49: 粤桂 | D49: 广西 | E49: 钦州恒基店 | F49: 46028 | G49: 46028 | H49: 已提交 | I49: 已收集
A50: 段 | B50: 2318 | C50: 江苏 | D50: 江苏 | E50: 涟水百悦广场店 | F50: 46029 | G50: 46029 | H50: 已提交 | I50: 已收集
A51: 马 | B51: 2439 | C51: 安徽 | D51: 安徽 | E51: 合肥步行街店 | F51: 46029 | G51: 46029 | H51: 已提交 | I51: 已收集 | J51: 已通过 | K51: =VLOOKUP(B51,[1]线上建店审批明细!$A:$E,5,0) -> 已抄送 | 线下堂食助理-婷婷 已抄送 01/09 14:27; 已抄送 | 蔡文佳-18916500662-线下运营部 已抄送 01/09 14:27; 已抄送 | 谢芳 已抄送 01/09 14:27; 已抄送 | 线上督导-鹿世鸣-督导部 已抄送 01/09 14:27; 已同意 | 贺龙娇 已同意 01/10 17:31; 已同意 | 杨文慧 已同意 01/10 17:45; 已同意 | 施工监理-范钟欣-13817733545 已同意 01/10 17:47; 已同意 | 王伟清 已同意 01/10 18:32; 已同意 | 刘崇宇-18616022203-督导部 已同意 01/10 20:59; 已同意 | 蔡文佳-18916500662-线下运营部 已同意 01/11 17:13; 已同意 | 线下堂食助理-婷婷 已同意 01/11 19:39; 已同意 | 单玮-13816935059-督导部 已同意 01/12 11:04; 已抄送 | 卢家豪 已抄送 01/12 11:04; 已抄送 | 抖音&快手-周幂-17521714387 已抄送 01/12 11:04; 已同意 | 苏磊 已同意 01/12 11:05; 已抄送 | 翁嘉隆-线上运营总监-13611699917 已抄送 01/12 11:05; 已同意 | 陈宇航-线上助理-18350349892 三平台建店完成 已同意 01/17 17:14; 已抄送 | 谢芳 已抄送 01/17 17:14; 已抄送 | 黄琪艳 已抄送 01/17 17:14; 已抄送 | 王京海 已抄送 01/17 17:14
A52: 窦 | B52: 2447 | C52: 华北 | D52: 山东 | E52: 青岛松乐汀广场店 | F52: 46029 | G52: 46029 | H52: 已提交 | I52: 已收集 | J52: 已通过 | K52: =VLOOKUP(B52,[1]线上建店审批明细!$A:$E,5,0) -> 已抄送 | 线上督导服务号-如有异议请联系区域经理（此账号不做回复） 已抄送 01/13 10:14; 已抄送 | 线上督导-鹿世鸣-督导部 已抄送 01/13 10:14; 已同意 | 贺龙娇 已同意 01/14 14:13; 已同意 | 杨文慧 已同意 01/14 14:14; 已同意 | 施工监理-范钟欣-13817733545 已同意 01/14 17:14; 已同意 | 王伟清 已同意 01/14 17:51; 已同意 | 刘崇宇-18616022203-督导部 已同意 01/15 13:44; 已同意 | 蔡文佳-18916500662-线下运营部 已同意 01/15 15:02; 已同意 | 线下堂食助理-婷婷 已同意 01/15 15:39; 已同意 | 单玮-13816935059-督导部 已同意 01/15 17:45; 已抄送 | 卢家豪 已抄送 01/15 17:45; 已抄送 | 抖音&快手-周幂-17521714387 已抄送 01/15 17:45; 已同意 | 苏磊 已同意 01/15 17:48; 已抄送 | 翁嘉隆-线上运营总监-13611699917 已抄送 01/15 17:48; 已同意 | 陈宇航-线上助理-18350349892 三平台建店完成 已同意 01/19 17:13; 已抄送 | 谢芳 已抄送 01/19 17:13; 已抄送 | 黄琪艳 已抄送 01/19 17:13; 已抄送 | 王京海 已抄送 01/19 17:13
A53: 陈 | B53: 1357 | C53: 华中 | D53: 湖北 | E53: 湖北武穴影剧院店 | F53: 46030 | G53: 46030 | H53: 已提交 | I53: 已收集 | J53: 已通过 | K53: =VLOOKUP(B53,[1]线上建店审批明细!$A:$E,5,0) -> 已抄送 | 线上督导-鹿世鸣-督导部 已抄送 01/10 17:50; 已同意 | 诸静逸 已同意 01/12 13:28; 已同意 | 杨文慧 已同意 01/12 13:30; 已同意 | 施工监理-范钟欣-13817733545 已同意 01/12 15:50; 已同意 | 王伟清 已同意 01/12 16:09; 已同意 | 刘崇宇-18616022203-督导部 已同意 01/13 17:38; 已同意 | 蔡文佳-18916500662-线下运营部 已同意 01/13 21:15; 已同意 | 线下堂食助理-婷婷 已同意 01/14 10:25; 已同意 | 单玮-13816935059-督导部 已同意 01/14 12:34; 已抄送 | 卢家豪 已抄送 01/14 12:34; 已抄送 | 抖音&快手-周幂-17521714387 已抄送 01/14 12:34; 已同意 | 苏磊 已同意 01/14 13:27; 已抄送 | 翁嘉隆-线上运营总监-13611699917 已抄送 01/14 13:27; 已同意 | 陈宇航-线上助理-18350349892 三平台建店完成 已同意 01/20 18:46; 已抄送 | 谢芳 已抄送 01/20 18:46; 已抄送 | 黄琪艳 已抄送 01/20 18:46; 已抄送 | 王京海 已抄送 01/20 18:46
A54: 吴 | B54: 2448 | C54: 华中 | D54: 江西 | E54: 九江十里万达店 | F54: 46030 | G54: 46030 | H54: 已提交 | I54: 已收集 | J54: 已通过 | K54: =VLOOKUP(B54,[1]线上建店审批明细!$A:$E,5,0) -> 已抄送 | 线上督导服务号-如有异议请联系区域经理（此账号不做回复） 已抄送 01/13 16:22; 已抄送 | 谢芳 已抄送 01/13 16:22; 已抄送 | 线上督导-鹿世鸣-督导部 已抄送 01/13 16:22; 已同意 | 贺龙娇 已同意 01/14 15:23; 已同意 | 杨文慧 已同意 01/14 15:23; 已同意 | 施工监理-范钟欣-13817733545 已同意 01/16 17:35; 已同意 | 王伟清 已同意 01/16 17:56; 已同意 | 刘崇宇-18616022203-督导部 已同意 01/19 15:40; 已同意 | 蔡文佳-18916500662-线下运营部 已同意 01/19 19:12; 已同意 | 线下堂食助理-婷婷 已同意 01/20 10:22; 已同意 | 单玮-13816935059-督导部 已同意 01/20 13:58; 已抄送 | 卢家豪 已抄送 01/20 13:58; 已抄送 | 抖音&快手-周幂-17521714387 已抄送 01/20 13:58; 已同意 | 苏磊 已同意 01/20 14:03; 已抄送 | 翁嘉隆-线上运营总监-13611699917 已抄送 01/20 14:03; 已同意 | 陈宇航-线上助理-18350349892 三平台建店完成 已同意 01/23 17:35; 已抄送 | 谢芳 已抄送 01/23 17:35; 已抄送 | 黄琪艳 已抄送 01/23 17:35; 已抄送 | 王京海 已抄送 01/23 17:35
A55: 王 | B55: 2465 | C55: 东北 | D55: 黑龙江 | E55: 哈尔滨绿色新城店 | F55: 46030 | G55: 46030 | H55: 已提交 | I55: 已收集 | J55: 已通过 | K55: =VLOOKUP(B55,[1]线上建店审批明细!$A:$E,5,0) -> 已抄送 | 线上督导-鹿世鸣-督导部 已抄送 01/11 11:21; 已同意 | 诸静逸 已同意 01/12 13:40; 已同意 | 杨文慧 已同意 01/12 13:51; 已同意 | 施工监理-范钟欣-13817733545 已同意 01/12 15:45; 已同意 | 王伟清 已同意 01/12 16:10; 已同意 | 刘崇宇-18616022203-督导部 已同意 01/12 17:40; 已同意 | 蔡文佳-18916500662-线下运营部 已同意 01/13 11:33; 已同意 | 线下堂食助理-婷婷 已同意 01/13 11:43; 已同意 | 单玮-13816935059-督导部 已同意 01/13 14:28; 已抄送 | 卢家豪 已抄送 01/13 14:28; 已抄送 | 抖音&快手-周幂-17521714387 已抄送 01/13 14:28; 已同意 | 苏磊 已同意 01/13 14:30; 已抄送 | 翁嘉隆-线上运营总监-13611699917 已抄送 01/13 14:30; 已同意 | 陈宇航-线上助理-18350349892 三平台建店完成 已同意 01/17 17:15; 已抄送 | 谢芳 已抄送 01/17 17:15; 已抄送 | 黄琪艳 已抄送 01/17 17:15; 已抄送 | 王京海 已抄送 01/17 17:15
A56: 窦 | B56: 1547 | C56: 华北 | D56: 山东 | E56: 济南长清大学城店 | F56: 46030 | G56: 46030 | H56: 已提交 | I56: 已收集 | J56: 已通过 | K56: =VLOOKUP(B56,[1]线上建店审批明细!$A:$E,5,0) -> 已抄送 | 线下堂食助理-婷婷 已抄送 01/09 14:34; 已抄送 | 蔡文佳-18916500662-线下运营部 已抄送 01/09 14:34; 已抄送 | 谢芳 已抄送 01/09 14:34; 已抄送 | 线上督导-鹿世鸣-督导部 已抄送 01/09 14:34; 已转审 | 贺龙娇 已转审 01/10 17:26; 已同意 | 诸静逸 已同意 01/12 11:24; 已同意 | 杨文慧 已同意 01/12 11:25; 已同意 | 施工监理-范钟欣-13817733545 已同意 01/12 15:44; 已同意 | 王伟清 已同意 01/12 16:08; 已同意 | 刘崇宇-18616022203-督导部 已同意 01/12 17:41; 已同意 | 蔡文佳-18916500662-线下运营部 已同意 01/13 11:29; 已同意 | 线下堂食助理-婷婷 已同意 01/13 11:41; 已同意 | 单玮-13816935059-督导部 已同意 01/13 16:55; 已抄送 | 卢家豪 已抄送 01/13 16:55; 已抄送 | 抖音&快手-周幂-17521714387 已抄送 01/13 16:55; 已同意 | 苏磊 已同意 01/13 16:56; 已抄送 | 翁嘉隆-线上运营总监-13611699917 已抄送 01/13 16:56; 已同意 | 陈宇航-线上助理-18350349892 三平台建店完成 已同意 01/17 17:16; 已抄送 | 谢芳 已抄送 01/17 17:16; 已抄送 | 黄琪艳 已抄送 01/17 17:16; 已抄送 | 王京海 已抄送 01/17 17:16
A57: 窦 | B57: 2469 | C57: 华北 | D57: 山东 | E57: 万达广场店 | F57: 46031 | G57: 46031 | H57: 已提交 | I57: 已收集 | J57: 已通过 | K57: =VLOOKUP(B57,[1]线上建店审批明细!$A:$E,5,0) -> 已抄送 | 线上督导服务号-如有异议请联系区域经理（此账号不做回复） 已抄送 01/13 15:23; 已抄送 | 谢芳 已抄送 01/13 15:23; 已抄送 | 线上督导-鹿世鸣-督导部 已抄送 01/13 15:23; 已同意 | 贺龙娇 已同意 01/13 21:00; 已同意 | 谢珍珍 已同意 01/14 10:19; 已同意 | 施工监理-范钟欣-13817733545 已同意 01/14 17:10; 已同意 | 王伟清 已同意 01/14 17:51; 已同意 | 刘崇宇-18616022203-督导部 已同意 01/15 13:41; 已同意 | 蔡文佳-18916500662-线下运营部 已同意 01/15 15:06; 已同意 | 线下堂食助理-婷婷 已同意 01/15 15:37; 已同意 | 单玮-13816935059-督导部 已同意 01/15 18:37; 已抄送 | 卢家豪 已抄送 01/15 18:37; 已抄送 | 抖音&快手-周幂-17521714387 已抄送 01/15 18:37; 已同意 | 苏磊 已同意 01/15 18:38; 已抄送 | 翁嘉隆-线上运营总监-13611699917 已抄送 01/15 18:38; 已同意 | 陈宇航-线上助理-18350349892 三平台建店完成 已同意 01/19 17:12; 已抄送 | 谢芳 已抄送 01/19 17:12; 已抄送 | 黄琪艳 已抄送 01/19 17:12; 已抄送 | 王京海 已抄送 01/19 17:12
A58: 马 | B58: 2399 | C58: 东北 | D58: 吉林 | E58: 长春湖光店 | F58: 46031 | G58: 46031 | H58: 已提交 | I58: 已收集 | J58: 已通过 | K58: =VLOOKUP(B58,[1]线上建店审批明细!$A:$E,5,0) -> 已抄送 | 线上督导服务号-如有异议请联系区域经理（此账号不做回复） 已抄送 01/13 13:40; 已抄送 | 线上督导-鹿世鸣-督导部 已抄送 01/13 13:40; 已同意 | 贺龙娇 已同意 01/13 14:10; 已同意 | 杨文慧 已同意 01/13 14:18; 已同意 | 施工监理-范钟欣-13817733545 已同意 01/13 14:35; 已同意 | 王伟清 已同意 01/13 15:07; 已同意 | 刘崇宇-18616022203-督导部 已同意 01/15 13:47; 已同意 | 蔡文佳-18916500662-线下运营部 已同意 01/15 22:22; 已同意 | 线下堂食助理-婷婷 已同意 01/16 10:03; 已同意 | 单玮-13816935059-督导部 已同意 01/16 18:29; 已抄送 | 卢家豪 已抄送 01/16 18:29; 已抄送 | 抖音&快手-周幂-17521714387 已抄送 01/16 18:29; 已同意 | 苏磊 已同意 01/16 18:30; 已抄送 | 翁嘉隆-线上运营总监-13611699917 已抄送 01/16 18:30; 已同意 | 陈宇航-线上助理-18350349892 三平台建店完成 已同意 01/22 10:19; 已抄送 | 谢芳 已抄送 01/22 10:19; 已抄送 | 黄琪艳 已抄送 01/22 10:19; 已抄送 | 王京海 已抄送 01/22 10:19
A59: 钟 | B59: 2473 | C59: 粤闽 | D59: 广东 | E59: 金利来店 | F59: 46032 | G59: 46032 | H59: 已提交 | I59: 已收集 | J59: 已通过 | K59: =VLOOKUP(B59,[1]线上建店审批明细!$A:$E,5,0) -> 已抄送 | 线上督导服务号-如有异议请联系区域经理（此账号不做回复） 已抄送 01/12 13:45; 已抄送 | 线上督导-鹿世鸣-督导部 已抄送 01/12 13:45; 已同意 | 贺龙娇 已同意 01/12 16:20; 已同意 | 杨文慧 已同意 01/12 16:21; 已同意 | 施工监理-范钟欣-13817733545 已同意 01/12 16:39; 已同意 | 王伟清 已同意 01/12 18:25; 已同意 | 刘崇宇-18616022203-督导部 已同意 01/13 17:39; 已同意 | 蔡文佳-18916500662-线下运营部 已同意 01/13 21:17; 已同意 | 线下堂食助理-婷婷 已同意 01/14 10:26; 已同意 | 单玮-13816935059-督导部 已同意 01/14 11:48; 已抄送 | 卢家豪 已抄送 01/14 11:48; 已抄送 | 抖音&快手-周幂-17521714387 已抄送 01/14 11:48; 已同意 | 苏磊 已同意 01/14 11:51; 已抄送 | 翁嘉隆-线上运营总监-13611699917 已抄送 01/14 11:51; 已同意 | 陈宇航-线上助理-18350349892 三平台建店完成 已同意 01/23 16:36; 已抄送 | 谢芳 已抄送 01/23 16:36; 已抄送 | 黄琪艳 已抄送 01/23 16:36; 已抄送 | 王京海 已抄送 01/23 16:36
A60: 钟 | B60: 2458 | C60: 粤桂 | D60: 广东 | E60: 广州大壮名城店 | F60: 46032 | G60: 46032 | H60: 已提交 | I60: 已收集
A61: 马 | B61: 2498 | C61: 华北 | D61: 河北 | E61: 马头店 | F61: 46032 | G61: 46032 | H61: 已提交 | I61: 已收集 | J61: 已通过 | K61: =VLOOKUP(B61,[1]线上建店审批明细!$A:$E,5,0) -> 已抄送 | 线上督导服务号-如有异议请联系区域经理（此账号不做回复） 已抄送 01/21 14:44; 已抄送 | 谢芳 已抄送 01/21 14:44; 已抄送 | 线上督导-鹿世鸣-督导部 已抄送 01/21 14:44; 已同意 | 贺龙娇 已同意 01/22 14:00; 已同意 | 杨文慧 已同意 01/22 14:07; 已同意 | 施工监理-范钟欣-13817733545 已同意 01/22 14:14; 已同意 | 王伟清 已同意 01/22 14:36; 已同意 | 刘崇宇-18616022203-督导部 已同意 01/22 17:24; 已同意 | 蔡文佳-18916500662-线下运营部 已同意 01/22 22:03; 已同意 | 线下堂食助理-婷婷 已同意 01/23 09:57; 已同意 | 单玮-13816935059-督导部 已同意 01/23 16:38; 已抄送 | 卢家豪 已抄送 01/23 16:38; 已抄送 | 抖音&快手-周幂-17521714387 已抄送 01/23 16:38; 已同意 | 苏磊 已同意 01/23 16:41; 已抄送 | 翁嘉隆-线上运营总监-13611699917 已抄送 01/23 16:41; 已同意 | 陈宇航-线上助理-18350349892 三平台建店完成 已同意 01/28 12:17; 已抄送 | 谢芳 已抄送 01/28 12:17; 已抄送 | 黄琪艳 已抄送 01/28 12:17; 已抄送 | 王京海 已抄送 01/28 12:17
A62: 段 | B62: 2493 | C62: 粤桂 | D62: 广东 | E62: 博罗新城店 | F62: 46032 | G62: 46032 | H62: 已提交 | I62: 已收集 | J62: 已通过 | K62: =VLOOKUP(B62,[1]线上建店审批明细!$A:$E,5,0) -> 已抄送 | 线上督导服务号-如有异议请联系区域经理（此账号不做回复） 已抄送 01/14 11:40; 已抄送 | 谢芳 已抄送 01/14 11:40; 已抄送 | 线上督导-鹿世鸣-督导部 已抄送 01/14 11:40; 已同意 | 贺龙娇 已同意 01/14 15:21; 已同意 | 杨文慧 已同意 01/14 15:23; 已同意 | 施工监理-范钟欣-13817733545 已同意 01/22 11:30; 已同意 | 王伟清 已同意 01/22 11:49; 已同意 | 刘崇宇-18616022203-督导部 已同意 01/22 17:26; 已同意 | 蔡文佳-18916500662-线下运营部 已同意 01/22 21:52; 已同意 | 线下堂食助理-婷婷 已同意 01/23 10:00; 已同意 | 单玮-13816935059-督导部 已同意 01/23 16:28; 已抄送 | 卢家豪 已抄送 01/23 16:28; 已抄送 | 抖音&快手-周幂-17521714387 已抄送 01/23 16:28; 已同意 | 苏磊 已同意 01/23 16:28; 已抄送 | 翁嘉隆-线上运营总监-13611699917 已抄送 01/23 16:28; 已同意 | 陈宇航-线上助理-18350349892 三平台建店完成 已同意 01/28 12:16; 已抄送 | 谢芳 已抄送 01/28 12:16; 已抄送 | 黄琪艳 已抄送 01/28 12:16; 已抄送 | 王京海 已抄送 01/28 12:16
A63: 马 | B63: 2424 | C63: 华北 | D63: 北京 | E63: 北京温都水城店 | F63: 46032 | G63: 46032 | H63: 已提交 | J63: 审批中 | K63: =VLOOKUP(B63,[1]线上建店审批明细!$A:$E,5,0) -> 已抄送 | 线上督导服务号-如有异议请联系区域经理（此账号不做回复） 已抄送 01/21 11:01; 已抄送 | 谢芳 已抄送 01/21 11:01; 已抄送 | 线上督导-鹿世鸣-督导部 已抄送 01/21 11:01; 已同意 | 贺龙娇 已同意 02/04 15:48; 已同意 | 杨文慧 已同意 02/04 15:51; 已同意 | 施工监理-范钟欣-13817733545 已同意 02/04 15:53; 已同意 | 王伟清 已同意 02/04 16:13; 已同意 | 刘崇宇-18616022203-督导部 已同意 02/05 14:53
A64: 马 | B64: 2431 | C64: 华北 | D64: 河北 | E64: 定州信誉楼店 | F64: 46032 | G64: 46032 | H64: 已提交 | I64: 已收集 | J64: 已通过 | K64: =VLOOKUP(B64,[1]线上建店审批明细!$A:$E,5,0) -> 已抄送 | 线上督导服务号-如有异议请联系区域经理（此账号不做回复） 已抄送 01/15 14:13; 已抄送 | 谢芳 已抄送 01/15 14:13; 已抄送 | 线上督导-鹿世鸣-督导部 已抄送 01/15 14:13; 已同意 | 贺龙娇 已同意 01/15 16:38; 已同意 | 杨文慧 已同意 01/15 17:04; 已同意 | 施工监理-范钟欣-13817733545 已同意 01/16 10:56; 已同意 | 王伟清 已同意 01/16 11:05; 已同意 | 刘崇宇-18616022203-督导部 已同意 01/19 15:41; 已同意 | 蔡文佳-18916500662-线下运营部 已同意 01/19 19:17; 已同意 | 线下堂食助理-婷婷 已同意 01/20 10:21; 已同意 | 单玮-13816935059-督导部 已同意 01/20 13:58; 已抄送 | 卢家豪 已抄送 01/20 13:58; 已抄送 | 抖音&快手-周幂-17521714387 已抄送 01/20 13:58; 已同意 | 苏磊 已同意 01/20 14:03; 已抄送 | 翁嘉隆-线上运营总监-13611699917 已抄送 01/20 14:03; 已同意 | 陈宇航-线上助理-18350349892 三平台建店完成 已同意 01/28 10:27; 已抄送 | 谢芳 已抄送 01/28 10:27; 已抄送 | 黄琪艳 已抄送 01/28 10:27; 已抄送 | 王京海 已抄送 01/28 10:27
A65: 马 | B65: 2464 | C65: 华北 | D65: 河北 | E65: 盛世长安店 | F65: 46032 | G65: 46032 | H65: 已提交 | I65: 已收集 | J65: 已通过 | K65: =VLOOKUP(B65,[1]线上建店审批明细!$A:$E,5,0) -> 已抄送 | 线上督导服务号-如有异议请联系区域经理（此账号不做回复） 已抄送 01/13 10:09; 已抄送 | 线上督导-鹿世鸣-督导部 已抄送 01/13 10:09; 已同意 | 贺龙娇 已同意 01/13 14:48; 已同意 | 杨文慧 已同意 01/13 14:50; 已同意 | 施工监理-范钟欣-13817733545 已同意 01/13 15:08; 已同意 | 王伟清 已同意 01/13 15:08; 已同意 | 刘崇宇-18616022203-督导部 已同意 01/13 17:40; 已同意 | 蔡文佳-18916500662-线下运营部 已同意 01/15 13:33; 已同意 | 线下堂食助理-婷婷 已同意 01/15 13:34; 已同意 | 单玮-13816935059-督导部 已同意 01/16 18:29; 已抄送 | 卢家豪 已抄送 01/16 18:29; 已抄送 | 抖音&快手-周幂-17521714387 已抄送 01/16 18:29; 已同意 | 苏磊 已同意 01/16 18:30; 已抄送 | 翁嘉隆-线上运营总监-13611699917 已抄送 01/16 18:30; 已同意 | 陈宇航-线上助理-18350349892 三平台建店完成 已同意 01/22 10:19; 已抄送 | 谢芳 已抄送 01/22 10:19; 已抄送 | 黄琪艳 已抄送 01/22 10:19; 已抄送 | 王京海 已抄送 01/22 10:19
A66: 马 | B66: 2377 | C66: 华北 | D66: 北京 | E66: 北京朱辛庄店 | F66: 46032 | G66: 46032 | H66: 已提交 | I66: 已收集 | J66: 已通过 | K66: =VLOOKUP(B66,[1]线上建店审批明细!$A:$E,5,0) -> 已抄送 | 线上督导服务号-如有异议请联系区域经理（此账号不做回复） 已抄送 01/12 11:18; 已抄送 | 线上督导-鹿世鸣-督导部 已抄送 01/12 11:18; 已同意 | 贺龙娇 已同意 01/12 16:22; 已同意 | 杨文慧 已同意 01/12 16:25; 已同意 | 施工监理-范钟欣-13817733545 已同意 01/12 16:42; 已同意 | 王伟清 已同意 01/12 18:25; 已同意 | 刘崇宇-18616022203-督导部 已同意 01/13 17:36; 已同意 | 蔡文佳-18916500662-线下运营部 已同意 01/13 21:11; 已同意 | 线下堂食助理-婷婷 已同意 01/14 10:24; 已同意 | 单玮-13816935059-督导部 已同意 01/14 14:07; 已抄送 | 卢家豪 已抄送 01/14 14:07; 已抄送 | 抖音&快手-周幂-17521714387 已抄送 01/14 14:07; 已同意 | 苏磊 已同意 01/14 22:01; 已抄送 | 翁嘉隆-线上运营总监-13611699917 已抄送 01/14 22:01; 已同意 | 陈宇航-线上助理-18350349892 饿了么建店完成，老板要求其余平台年后再上 已同意 01/19 17:10; 已抄送 | 谢芳 已抄送 01/19 17:10; 已抄送 | 黄琪艳 已抄送 01/19 17:10; 已抄送 | 王京海 已抄送 01/19 17:10
A67: 马 | B67: 2241 | C67: 华北 | D67: 河北 | E67: 保定秀兰尚城店 | F67: 46032 | G67: 46032 | H67: 已提交 | I67: 已收集 | J67: 已通过 | K67: =VLOOKUP(B67,[1]线上建店审批明细!$A:$E,5,0) -> 已抄送 | 线上督导-鹿世鸣-督导部 已抄送 01/11 11:23; 已同意 | 贺龙娇 已同意 01/13 14:49; 已同意 | 杨文慧 已同意 01/13 14:50; 已同意 | 施工监理-范钟欣-13817733545 已同意 01/13 15:06; 已同意 | 王伟清 已同意 01/13 15:08; 已同意 | 刘崇宇-18616022203-督导部 已同意 01/13 17:36; 已同意 | 蔡文佳-18916500662-线下运营部 已同意 01/13 17:59; 已同意 | 线下堂食助理-婷婷 已同意 01/13 18:01; 已同意 | 单玮-13816935059-督导部 已同意 01/13 18:49; 已抄送 | 卢家豪 已抄送 01/13 18:49; 已抄送 | 抖音&快手-周幂-17521714387 已抄送 01/13 18:49; 已同意 | 苏磊 已同意 01/13 18:49; 已抄送 | 翁嘉隆-线上运营总监-13611699917 已抄送 01/13 18:49; 已同意 | 陈宇航-线上助理-18350349892 三平台建店完成 已同意 01/17 17:17; 已抄送 | 谢芳 已抄送 01/17 17:17; 已抄送 | 黄琪艳 已抄送 01/17 17:17; 已抄送 | 王京海 已抄送 01/17 17:17
A68: 陈 | B68: 2303 | C68: 华中 | D68: 湖北 | E68: 武汉泛悦南国广场店 | F68: 46032 | G68: 46032 | H68: 已提交 | I68: 已收集 | J68: 已通过 | K68: =VLOOKUP(B68,[1]线上建店审批明细!$A:$E,5,0) -> 已抄送 | 线上督导-鹿世鸣-督导部 已抄送 01/11 11:18; 已同意 | 贺龙娇 已同意 01/16 12:18; 已同意 | 杨文慧 已同意 01/16 13:31; 已同意 | 施工监理-范钟欣-13817733545 已同意 01/16 14:32; 已同意 | 王伟清 已同意 01/16 14:41; 已同意 | 刘崇宇-18616022203-督导部 已同意 01/19 15:41; 已同意 | 蔡文佳-18916500662-线下运营部 已同意 01/19 19:15; 已同意 | 线下堂食助理-婷婷 已同意 01/20 10:22; 已同意 | 单玮-13816935059-督导部 已同意 01/20 11:24; 已抄送 | 卢家豪 已抄送 01/20 11:24; 已抄送 | 抖音&快手-周幂-17521714387 已抄送 01/20 11:24; 已同意 | 苏磊 已同意 01/20 11:30; 已抄送 | 翁嘉隆-线上运营总监-13611699917 已抄送 01/20 11:30; 已同意 | 陈宇航-线上助理-18350349892 美团饿了么平台建店完成，京东资质被盗用已提交处理 已同意 01/23 17:34; 已抄送 | 谢芳 已抄送 01/23 17:34; 已抄送 | 黄琪艳 已抄送 01/23 17:34; 已抄送 | 王京海 已抄送 01/23 17:34
A69: 钟 | B69: 2325 | C69: 粤桂 | D69: 广西 | E69: 桂林吾悦广场店 | F69: 46034 | G69: 46034 | H69: 已提交 | I69: 已收集 | J69: 已通过 | K69: =VLOOKUP(B69,[1]线上建店审批明细!$A:$E,5,0) -> 已抄送 | 线上督导服务号-如有异议请联系区域经理（此账号不做回复） 已抄送 01/12 15:10; 已抄送 | 线上督导-鹿世鸣-督导部 已抄送 01/12 15:10; 已同意 | 贺龙娇 已同意 01/12 16:12; 已同意 | 杨文慧 已同意 01/12 16:14; 已同意 | 施工监理-范钟欣-13817733545 已同意 01/14 17:06; 已同意 | 王伟清 已同意 01/14 17:50; 已同意 | 刘崇宇-18616022203-督导部 已同意 01/15 13:45; 已同意 | 蔡文佳-18916500662-线下运营部 已同意 01/15 14:54; 已同意 | 线下堂食助理-婷婷 已同意 01/15 15:41; 已同意 | 单玮-13816935059-督导部 已同意 01/17 18:29; 已抄送 | 卢家豪 已抄送 01/17 18:29; 已抄送 | 抖音&快手-周幂-17521714387 已抄送 01/17 18:29; 已同意 | 苏磊 已同意 01/17 18:29; 已抄送 | 翁嘉隆-线上运营总监-13611699917 已抄送 01/17 18:29; 已同意 | 陈宇航-线上助理-18350349892 三平台建店完成 已同意 01/23 17:32; 已抄送 | 谢芳 已抄送 01/23 17:32; 已抄送 | 黄琪艳 已抄送 01/23 17:32; 已抄送 | 王京海 已抄送 01/23 17:32
A70: 钟 | B70: 2443 | C70: 粤桂 | D70: 广东 | E70: 广州悠方天地店 | F70: 46034 | G70: 46034 | H70: 已提交 | I70: 已收集 | J70: 已通过 | K70: =VLOOKUP(B70,[1]线上建店审批明细!$A:$E,5,0) -> 已抄送 | 线上督导服务号-如有异议请联系区域经理（此账号不做回复） 已抄送 01/12 15:09; 已抄送 | 线上督导-鹿世鸣-督导部 已抄送 01/12 15:09; 已同意 | 贺龙娇 已同意 01/12 16:14; 已同意 | 杨文慧 已同意 01/12 16:15; 已同意 | 施工监理-范钟欣-13817733545 已同意 01/13 12:08; 已同意 | 王伟清 已同意 01/13 12:20; 已同意 | 刘崇宇-18616022203-督导部 已同意 01/13 17:41; 已同意 | 蔡文佳-18916500662-线下运营部 已同意 01/22 22:09; 已同意 | 线下堂食助理-婷婷 已同意 01/23 09:56; 已同意 | 单玮-13816935059-督导部 已同意 01/23 18:50; 已抄送 | 卢家豪 已抄送 01/23 18:50; 已抄送 | 抖音&快手-周幂-17521714387 已抄送 01/23 18:50; 已同意 | 苏磊 已同意 01/23 18:50; 已抄送 | 翁嘉隆-线上运营总监-13611699917 已抄送 01/23 18:50; 已同意 | 陈宇航-线上助理-18350349892 三平台建店完成 已同意 01/28 12:18; 已抄送 | 谢芳 已抄送 01/28 12:18; 已抄送 | 黄琪艳 已抄送 01/28 12:18; 已抄送 | 王京海 已抄送 01/28 12:18
A71: 钟 | B71: 1425 | C71: 粤桂 | D71: 广东 | E71: 东莞东坑喜悦里店 | F71: 预计1月13日 | G71: 46035 | H71: 已提交 | I71: 已收集 | J71: 审批中 | K71: =VLOOKUP(B71,[1]线上建店审批明细!$A:$E,5,0) -> 已抄送 | 线上督导服务号-如有异议请联系区域经理（此账号不做回复） 已抄送 01/12 14:27; 已抄送 | 线上督导-鹿世鸣-督导部 已抄送 01/12 14:27; 已同意 | 贺龙娇 已同意 01/16 12:17; 已同意 | 杨文慧 已同意 01/16 13:31; 已同意 | 施工监理-范钟欣-13817733545 已同意 01/19 18:02; 已同意 | 王伟清 已同意 01/19 18:27; 已同意 | 刘崇宇-18616022203-督导部 已同意 01/20 15:34; 已同意 | 蔡文佳-18916500662-线下运营部 已同意 01/20 21:16; 已同意 | 线下堂食助理-婷婷 已同意 01/21 10:08; 已同意 | 单玮-13816935059-督导部 已同意 01/21 17:45; 已抄送 | 卢家豪 已抄送 01/21 17:45; 已抄送 | 抖音&快手-周幂-17521714387 已抄送 01/21 17:45; 已同意 | 苏磊 已同意 01/21 18:17; 已抄送 | 翁嘉隆-线上运营总监-13611699917 已抄送 01/21 18:17
A72: 王 | B72: 2474 | C72: 华北 | D72: 天津 | E72: YOHO国际社区店 | F72: 预计1月13日 | G72: 46035 | H72: 已提交 | I72: 已收集 | J72: 已通过 | K72: =VLOOKUP(B72,[1]线上建店审批明细!$A:$E,5,0) -> 已抄送 | 线上督导服务号-如有异议请联系区域经理（此账号不做回复） 已抄送 01/13 15:19; 已抄送 | 谢芳 已抄送 01/13 15:19; 已抄送 | 线上督导-鹿世鸣-督导部 已抄送 01/13 15:19; 已同意 | 贺龙娇 已同意 01/13 21:02; 已同意 | 谢珍珍 已同意 01/14 10:18; 已同意 | 施工监理-范钟欣-13817733545 已同意 01/14 17:08; 已同意 | 王伟清 已同意 01/14 17:51; 已同意 | 刘崇宇-18616022203-督导部 已同意 01/15 13:41; 已同意 | 蔡文佳-18916500662-线下运营部 已同意 01/15 15:10; 已同意 | 线下堂食助理-婷婷 已同意 01/15 15:36; 已同意 | 单玮-13816935059-督导部 已同意 01/15 17:15; 已抄送 | 卢家豪 已抄送 01/15 17:15; 已抄送 | 抖音&快手-周幂-17521714387 已抄送 01/15 17:15; 已同意 | 苏磊 已同意 01/15 17:15; 已抄送 | 翁嘉隆-线上运营总监-13611699917 已抄送 01/15 17:15; 已同意 | 陈宇航-线上助理-18350349892 三平台建店完成 已同意 01/19 17:12; 已抄送 | 谢芳 已抄送 01/19 17:12; 已抄送 | 黄琪艳 已抄送 01/19 17:12; 已抄送 | 王京海 已抄送 01/19 17:12
A73: 袁 | B73: 2437 | C73: 粤桂 | D73: 广西 | E73: 百色龙景店 | F73: 预计1月13日 | G73: 46036 | H73: 已提交 | I73: 已收集 | J73: 已通过 | K73: =VLOOKUP(B73,[1]线上建店审批明细!$A:$E,5,0) -> 已抄送 | 线上督导服务号-如有异议请联系区域经理（此账号不做回复） 已抄送 01/13 16:21; 已抄送 | 谢芳 已抄送 01/13 16:21; 已抄送 | 线上督导-鹿世鸣-督导部 已抄送 01/13 16:21; 已同意 | 贺龙娇 已同意 01/14 15:24; 已同意 | 杨文慧 已同意 01/14 15:30; 已同意 | 施工监理-范钟欣-13817733545 已同意 01/15 09:30; 已同意 | 王伟清 已同意 01/15 09:38; 已同意 | 刘崇宇-18616022203-督导部 已同意 01/15 13:39; 已同意 | 蔡文佳-18916500662-线下运营部 已同意 01/15 15:12; 已同意 | 线下堂食助理-婷婷 已同意 01/15 15:35; 已同意 | 单玮-13816935059-督导部 已同意 01/15 17:16; 已抄送 | 卢家豪 已抄送 01/15 17:16; 已抄送 | 抖音&快手-周幂-17521714387 已抄送 01/15 17:16; 已同意 | 苏磊 已同意 01/15 17:18; 已抄送 | 翁嘉隆-线上运营总监-13611699917 已抄送 01/15 17:18; 已同意 | 陈宇航-线上助理-18350349892 三平台建店完成 已同意 01/19 17:12; 已抄送 | 谢芳 已抄送 01/19 17:12; 已抄送 | 黄琪艳 已抄送 01/19 17:12; 已抄送 | 王京海 已抄送 01/19 17:12
A74: 段 | B74: 1135 | C74: 江苏 | D74: 江苏 | E74: 苏州科技城店 | F74: 预计1月14日 | G74: 46036 | H74: 已提交 | I74: 已收集 | J74: 审批中 | K74: =VLOOKUP(B74,[1]线上建店审批明细!$A:$E,5,0) -> 已抄送 | 线上督导服务号-如有异议请联系区域经理（此账号不做回复） 已抄送 01/14 11:43; 已抄送 | 谢芳 已抄送 01/14 11:43; 已抄送 | 线上督导-鹿世鸣-督导部 已抄送 01/14 11:43; 已同意 | 贺龙娇 已同意 01/14 15:20; 已同意 | 杨文慧 已同意 01/14 15:22; 已同意 | 施工监理-范钟欣-13817733545 已同意 01/14 17:30; 已同意 | 王伟清 已同意 01/14 17:50; 已同意 | 刘崇宇-18616022203-督导部 已同意 01/19 15:43; 已同意 | 蔡文佳-18916500662-线下运营部 已同意 01/19 19:23; 已同意 | 线下堂食助理-婷婷 已同意 01/20 10:21; 已同意 | 单玮-13816935059-督导部 已同意 01/20 10:34; 已抄送 | 卢家豪 已抄送 01/20 10:34; 已抄送 | 抖音&快手-周幂-17521714387 已抄送 01/20 10:34; 已同意 | 苏磊 已同意 01/20 10:35; 已抄送 | 翁嘉隆-线上运营总监-13611699917 已抄送 01/20 10:35
A75: 钟 | B75: 2103 | C75: 粤桂 | D75: 广东 | E75: 广州华南理工店 | F75: 预计1月16日 | G75: 46037 | H75: 已提交 | I75: 已收集 | J75: 审批中 | K75: =VLOOKUP(B75,[1]线上建店审批明细!$A:$E,5,0) -> 已抄送 | 线上督导服务号-如有异议请联系区域经理（此账号不做回复） 已抄送 01/23 10:56; 已抄送 | 谢芳 已抄送 01/23 10:56; 已抄送 | 线上督导-鹿世鸣-督导部 已抄送 01/23 10:56; 已同意 | 李婕 已同意 01/23 15:37; 已同意 | 杨文慧 已同意 01/23 15:37; 已同意 | 施工监理-范钟欣-13817733545 已同意 01/24 09:23; 已同意 | 王伟清 已同意 01/24 09:40; 已同意 | 刘崇宇-18616022203-督导部 已同意 01/26 11:45; 已同意 | 蔡文佳-18916500662-线下运营部 已同意 01/26 17:36; 已同意 | 线下堂食助理-婷婷 已同意 01/26 17:40; 已同意 | 单玮-13816935059-督导部 已同意 01/26 18:50; 已抄送 | 卢家豪 已抄送 01/26 18:50; 已抄送 | 抖音&快手-周幂-17521714387 已抄送 01/26 18:50; 已同意 | 苏磊 已同意 01/27 09:42; 已抄送 | 翁嘉隆-线上运营总监-13611699917 已抄送 01/27 09:42
A76: 陈 | B76: 2276 | C76: 华中 | D76: 湖北 | E76: 荆门中天街店 | F76: 预计1月15日 | G76: 46038 | H76: 已提交 | I76: 已收集 | J76: 已通过 | K76: =VLOOKUP(B76,[1]线上建店审批明细!$A:$E,5,0) -> 已抄送 | 线上督导服务号-如有异议请联系区域经理（此账号不做回复） 已抄送 01/22 14:38; 已抄送 | 谢芳 已抄送 01/22 14:38; 已抄送 | 线上督导-鹿世鸣-督导部 已抄送 01/22 14:38; 已同意 | 李婕 已同意 01/22 14:40; 已同意 | 杨文慧 已同意 01/22 14:55; 已同意 | 施工监理-范钟欣-13817733545 已同意 01/22 14:59; 已同意 | 王伟清 已同意 01/22 15:00; 已同意 | 刘崇宇-18616022203-督导部 已同意 01/22 17:24; 已同意 | 蔡文佳-18916500662-线下运营部 已同意 01/22 22:08; 已同意 | 线下堂食助理-婷婷 已同意 01/23 09:56; 已同意 | 单玮-13816935059-督导部 已同意 01/23 16:39; 已抄送 | 卢家豪 已抄送 01/23 16:39; 已抄送 | 抖音&快手-周幂-17521714387 已抄送 01/23 16:39; 已同意 | 苏磊 已同意 01/23 16:41; 已抄送 | 翁嘉隆-线上运营总监-13611699917 已抄送 01/23 16:41; 已同意 | 陈宇航-线上助理-18350349892 三平台建店完成 已同意 01/28 12:16; 已抄送 | 谢芳 已抄送 01/28 12:16; 已抄送 | 黄琪艳 已抄送 01/28 12:16; 已抄送 | 王京海 已抄送 01/28 12:16
A77: 马 | B77: 2363 | C77: 安徽 | D77: 安徽 | E77: 芜湖大桥新城店 | F77: 预计1月14日 | G77: 46038 | H77: 已提交 | I77: 已收集 | J77: 已通过 | K77: =VLOOKUP(B77,[1]线上建店审批明细!$A:$E,5,0) -> 已抄送 | 线上督导服务号-如有异议请联系区域经理（此账号不做回复） 已抄送 01/19 10:08; 已抄送 | 谢芳 已抄送 01/19 10:08; 已抄送 | 线上督导-鹿世鸣-督导部 已抄送 01/19 10:08; 已同意 | 贺龙娇 已同意 01/19 14:18; 已同意 | 杨文慧 已同意 01/19 14:31; 已同意 | 施工监理-范钟欣-13817733545 已同意 01/19 17:33; 已同意 | 王伟清 已同意 01/19 17:41; 已同意 | 刘崇宇-18616022203-督导部 已同意 01/20 15:34; 已同意 | 蔡文佳-18916500662-线下运营部 已同意 01/20 21:18; 已同意 | 线下堂食助理-婷婷 已同意 01/21 10:11; 已同意 | 单玮-13816935059-督导部 已同意 01/21 14:05; 已抄送 | 卢家豪 已抄送 01/21 14:05; 已抄送 | 抖音&快手-周幂-17521714387 已抄送 01/21 14:05; 已同意 | 苏磊 已同意 01/21 14:19; 已抄送 | 翁嘉隆-线上运营总监-13611699917 已抄送 01/21 14:19; 已同意 | 陈宇航-线上助理-18350349892 三平台建店完成 已同意 01/26 19:11; 已抄送 | 谢芳 已抄送 01/26 19:11; 已抄送 | 黄琪艳 已抄送 01/26 19:11; 已抄送 | 王京海 已抄送 01/26 19:11
A78: 陈 | B78: 2449 | C78: 西南 | D78: 湖南 | E78: 衡阳酃湖万达店 | F78: 预计1月15日 | G78: 46038 | H78: 已提交 | I78: 已收集 | J78: 已通过 | K78: =VLOOKUP(B78,[1]线上建店审批明细!$A:$E,5,0) -> 已抄送 | 线上督导服务号-如有异议请联系区域经理（此账号不做回复） 已抄送 01/16 17:44; 已抄送 | 谢芳 已抄送 01/16 17:44; 已抄送 | 线上督导-鹿世鸣-督导部 已抄送 01/16 17:44; 已同意 | 贺龙娇 已同意 01/19 14:59; 已同意 | 诸静逸 (已离职) 管理员交接 01/16 18:38; 已同意 | 杨文慧 已同意 01/19 15:00; 已同意 | 施工监理-范钟欣-13817733545 已同意 01/22 11:48; 已同意 | 王伟清 已同意 01/22 11:49; 已同意 | 刘崇宇-18616022203-督导部 已同意 01/22 17:26; 已同意 | 蔡文佳-18916500662-线下运营部 已同意 01/22 21:54; 已同意 | 线下堂食助理-婷婷 已同意 01/23 10:00; 已同意 | 单玮-13816935059-督导部 已同意 01/23 16:32; 已抄送 | 卢家豪 已抄送 01/23 16:32; 已抄送 | 抖音&快手-周幂-17521714387 已抄送 01/23 16:32; 已同意 | 苏磊 已同意 01/23 16:35; 已抄送 | 翁嘉隆-线上运营总监-13611699917 已抄送 01/23 16:35; 已同意 | 陈宇航-线上助理-18350349892 三平台建店完成 已同意 01/28 12:16; 已抄送 | 谢芳 已抄送 01/28 12:16; 已抄送 | 黄琪艳 已抄送 01/28 12:16; 已抄送 | 王京海 已抄送 01/28 12:16
A79: 窦 | B79: 2484 | C79: 华北 | D79: 山东 | E79: 盛世家园店 | F79: 预计1月16日 | G79: 46038 | H79: 已提交 | I79: 已收集 | J79: 已通过 | K79: =VLOOKUP(B79,[1]线上建店审批明细!$A:$E,5,0) -> 已抄送 | 线上督导服务号-如有异议请联系区域经理（此账号不做回复） 已抄送 01/22 11:18; 已抄送 | 谢芳 已抄送 01/22 11:18; 已抄送 | 线上督导-鹿世鸣-督导部 已抄送 01/22 11:18; 已同意 | 李婕 已同意 01/22 12:05; 已同意 | 杨文慧 已同意 01/22 12:06; 已同意 | 施工监理-范钟欣-13817733545 已同意 01/22 12:16; 已同意 | 王伟清 已同意 01/22 12:16; 已同意 | 刘崇宇-18616022203-督导部 已同意 01/22 17:25; 已同意 | 蔡文佳-18916500662-线下运营部 已同意 01/22 21:57; 已同意 | 线下堂食助理-婷婷 已同意 01/23 09:58; 已同意 | 单玮-13816935059-督导部 已同意 01/23 16:36; 已抄送 | 卢家豪 已抄送 01/23 16:36; 已抄送 | 抖音&快手-周幂-17521714387 已抄送 01/23 16:36; 已同意 | 苏磊 已同意 01/23 16:36; 已抄送 | 翁嘉隆-线上运营总监-13611699917 已抄送 01/23 16:36; 已同意 | 陈宇航-线上助理-18350349892 三平台建店完成 已同意 01/28 12:16; 已抄送 | 谢芳 已抄送 01/28 12:16; 已抄送 | 黄琪艳 已抄送 01/28 12:16; 已抄送 | 王京海 已抄送 01/28 12:16
A80: 陈 | B80: 2430 | C80: 华中 | D80: 湖北 | E80: 武汉黄家湖大道店 | F80: 预计1月16日 | G80: 46038 | H80: 已提交 | I80: 已收集 | J80: 已通过 | K80: =VLOOKUP(B80,[1]线上建店审批明细!$A:$E,5,0) -> 已抄送 | 线上督导服务号-如有异议请联系区域经理（此账号不做回复） 已抄送 01/19 10:43; 已抄送 | 谢芳 已抄送 01/19 10:43; 已抄送 | 线上督导-鹿世鸣-督导部 已抄送 01/19 10:43; 已同意 | 贺龙娇 已同意 01/19 13:58; 已同意 | 杨文慧 已同意 01/19 14:03; 已同意 | 施工监理-范钟欣-13817733545 已同意 01/19 17:34; 已同意 | 王伟清 已同意 01/19 17:40; 已同意 | 刘崇宇-18616022203-督导部 已同意 01/20 15:35; 已同意 | 蔡文佳-18916500662-线下运营部 已同意 01/20 21:21; 已同意 | 线下堂食助理-婷婷 已同意 01/21 10:10; 已同意 | 单玮-13816935059-督导部 已同意 01/21 14:05; 已抄送 | 卢家豪 已抄送 01/21 14:05; 已抄送 | 抖音&快手-周幂-17521714387 已抄送 01/21 14:05; 已同意 | 苏磊 已同意 01/21 14:19; 已抄送 | 翁嘉隆-线上运营总监-13611699917 已抄送 01/21 14:19; 已同意 | 陈宇航-线上助理-18350349892 三平台建店完成 已同意 01/26 19:11; 已抄送 | 谢芳 已抄送 01/26 19:11; 已抄送 | 黄琪艳 已抄送 01/26 19:11; 已抄送 | 王京海 已抄送 01/26 19:11
A81: 陈 | B81: 2416 | C81: 华中 | D81: 湖北 | E81: 湘隆时代广场店武汉 | F81: 预计1月15日 | G81: 46038 | H81: 已提交 | I81: 已收集 | J81: 已通过 | K81: =VLOOKUP(B81,[1]线上建店审批明细!$A:$E,5,0) -> 已抄送 | 线上督导服务号-如有异议请联系区域经理（此账号不做回复） 已抄送 01/22 11:18; 已抄送 | 谢芳 已抄送 01/22 11:18; 已抄送 | 线上督导-鹿世鸣-督导部 已抄送 01/22 11:18; 已同意 | 李婕 已同意 01/22 12:06; 已同意 | 杨文慧 已同意 01/22 12:06; 已同意 | 施工监理-范钟欣-13817733545 已同意 01/22 12:15; 已同意 | 王伟清 已同意 01/22 12:16; 已同意 | 刘崇宇-18616022203-督导部 已同意 01/22 17:26; 已同意 | 蔡文佳-18916500662-线下运营部 已同意 01/22 21:55; 已同意 | 线下堂食助理-婷婷 已同意 01/23 09:59; 已同意 | 单玮-13816935059-督导部 已同意 01/23 16:34; 已抄送 | 卢家豪 已抄送 01/23 16:34; 已抄送 | 抖音&快手-周幂-17521714387 已抄送 01/23 16:34; 已同意 | 苏磊 已同意 01/23 16:35; 已抄送 | 翁嘉隆-线上运营总监-13611699917 已抄送 01/23 16:35; 已同意 | 陈宇航-线上助理-18350349892 三平台建店完成 已同意 01/28 12:16; 已抄送 | 谢芳 已抄送 01/28 12:16; 已抄送 | 黄琪艳 已抄送 01/28 12:16; 已抄送 | 王京海 已抄送 01/28 12:16
A82: 窦 | B82: 2422 | C82: 华北 | D82: 山东 | E82: 烟台芝罘万达店 | F82: 预计1月17日 | G82: 46038 | H82: 已提交 | I82: 已收集 | J82: 已通过 | K82: =VLOOKUP(B82,[1]线上建店审批明细!$A:$E,5,0) -> 已抄送 | 线上督导服务号-如有异议请联系区域经理（此账号不做回复） 已抄送 01/13 17:53; 已抄送 | 谢芳 已抄送 01/13 17:53; 已抄送 | 线上督导-鹿世鸣-督导部 已抄送 01/13 17:53; 已同意 | 贺龙娇 已同意 01/13 20:54; 已同意 | 谢珍珍 已同意 01/14 10:21; 已同意 | 施工监理-范钟欣-13817733545 已同意 01/16 17:53; 已同意 | 王伟清 已同意 01/16 17:56; 已同意 | 刘崇宇-18616022203-督导部 已同意 01/19 15:40; 已同意 | 蔡文佳-18916500662-线下运营部 已同意 01/19 19:07; 已同意 | 线下堂食助理-婷婷 已同意 01/20 10:23; 已同意 | 单玮-13816935059-督导部 已同意 01/20 19:44; 已抄送 | 卢家豪 已抄送 01/20 19:44; 已抄送 | 抖音&快手-周幂-17521714387 已抄送 01/20 19:44; 已同意 | 苏磊 已同意 01/20 19:55; 已抄送 | 翁嘉隆-线上运营总监-13611699917 已抄送 01/20 19:55; 已同意 | 陈宇航-线上助理-18350349892 三平台建店完成 已同意 01/23 17:35; 已抄送 | 谢芳 已抄送 01/23 17:35; 已抄送 | 黄琪艳 已抄送 01/23 17:35; 已抄送 | 王京海 已抄送 01/23 17:35
... A130: 陈 | B130: 2572 | C130: 西南 | D130: 重庆 | E130: 新世纪店开州 | F130: 预计2月6日 | G130: 46056 | H130: 已提交 | I130: 已收集 | J130: 审批中 | K130: =VLOOKUP(B130,[1]线上建店审批明细!$A:$E,5,0) -> 已抄送 | 线上督导服务号-如有异议请联系区域经理（此账号不做回复） 已抄送 02/04 12:14; 已抄送 | 谢芳 已抄送 02/04 12:14; 已抄送 | 线上督导-鹿世鸣-督导部 已抄送 02/04 12:14; 已同意 | 李婕 已同意 02/04 12:18; 已同意 | 杨文慧 已同意 02/04 12:22; 已同意 | 施工监理-范钟欣-13817733545 已同意 02/05 09:44; 已同意 | 王伟清 已同意 02/05 10:06; 已同意 | 刘崇宇-18616022203-督导部 已同意 02/05 14:55; 已同意 | 蔡文佳-18916500662-线下运营部 已同意 02/05 15:17; 已同意 | 线下堂食助理-婷婷 已同意 02/05 15:21; 已同意 | 单玮-13816935059-督导部 已同意 02/05 16:53; 已抄送 | 卢家豪 已抄送 02/05 16:53; 已抄送 | 抖音&快手-周幂-17521714387 已抄送 02/05 16:53; 已同意 | 苏磊 已同意 02/05 16:53; 已抄送 | 翁嘉隆-线上运营总监-13611699917 已抄送 02/05 16:53
A131: 段 | B131: 2558 | C131: 粤闽 | D131: 福建 | E131: 惠安高级中学店 | F131: 预计2月6日 | G131: 46057 | H131: 已提交 | J131: 审批中 | K131: =VLOOKUP(B131,[1]线上建店审批明细!$A:$E,5,0) -> 已抄送 | 线上督导服务号-如有异议请联系区域经理（此账号不做回复） 已抄送 02/02 17:57; 已抄送 | 谢芳 已抄送 02/02 17:57; 已抄送 | 线上督导-鹿世鸣-督导部 已抄送 02/02 17:57; 已同意 | 贺龙娇 已同意 02/02 18:21; 已同意 | 杨文慧 已同意 02/02 18:25; 已同意 | 施工监理-范钟欣-13817733545 已同意 02/04 10:02; 已同意 | 王伟清 已同意 02/04 10:03; 已同意 | 刘崇宇-18616022203-督导部 已同意 02/04 18:11
A132: 马 | B132: 2250 | C132: 安徽 | D132: 安徽 | E132: 蒙城方圆荟店 | F132: 预计2月9日 | G132: 46057 | H132: 已提交 | J132: 审批中 | K132: =VLOOKUP(B132,[1]线上建店审批明细!$A:$E,5,0) -> 已抄送 | 线上督导服务号-如有异议请联系区域经理（此账号不做回复） 已抄送 02/01 16:46; 已抄送 | 谢芳 已抄送 02/01 16:46; 已抄送 | 线上督导-鹿世鸣-督导部 已抄送 02/01 16:46; 已同意 | 贺龙娇 已同意 02/02 14:53; 已同意 | 杨文慧 已同意 02/02 15:01; 已同意 | 施工监理-范钟欣-13817733545 已同意 02/04 15:01; 已同意 | 王伟清 已同意 02/04 15:01; 已同意 | 刘崇宇-18616022203-督导部 已同意 02/04 18:10
A133: 吴 | B133: 2616 | C133: 华中 | D133: 湖北 | E133: 海翼美岁天地店随州 | F133: 预计2月3日 | G133: 46058
A134: 马 | B134: 2518 | C134: 华北 | D134: 河北 | E134: 团城山店黄石 | F134: 预计2月9日 | G134: 46058 | H134: 已提交 | J134: 审批中 | K134: =VLOOKUP(B134,[1]线上建店审批明细!$A:$E,5,0) -> 已抄送 | 线上督导服务号-如有异议请联系区域经理（此账号不做回复） 已抄送 02/01 16:49; 已抄送 | 谢芳 已抄送 02/01 16:49; 已抄送 | 线上督导-鹿世鸣-督导部 已抄送 02/01 16:49; 已同意 | 贺龙娇 已同意 02/02 14:52; 已同意 | 杨文慧 已同意 02/02 15:01; 已同意 | 施工监理-范钟欣-13817733545 已同意 02/05 14:22; 已同意 | 王伟清 已同意 02/05 14:34; 已同意 | 刘崇宇-18616022203-督导部 已同意 02/05 14:54
A135: 王 | B135: 2373 | C135: 安徽 | D135: 安徽 | E135: 郎溪国购广场店 | F135: 预计2月6日 | G135: 46059
A136: 王 | B136: 2547 | C136: 东北 | D136: 黑龙江 | E136: 雷炎大街店绥化 | F136: 预计2月6日 | G136: 46059
A137: 段 | B137: 2522 | C137: 粤闽 | D137: 福建 | E137: 东方名筑店宁德 | F137: 预计2月6日 | G137: 46060 | H137: 已提交 | J137: 审批中 | K137: =VLOOKUP(B137,[1]线上建店审批明细!$A:$E,5,0) -> 已抄送 | 线上督导服务号-如有异议请联系区域经理（此账号不做回复） 已抄送 02/02 17:58; 已抄送 | 谢芳 已抄送 02/02 17:58; 已抄送 | 线上督导-鹿世鸣-督导部 已抄送 02/02 17:58; 已同意 | 贺龙娇 已同意 02/02 18:21; 已同意 | 杨文慧 已同意 02/02 18:25
A138: 王 | B138: 2482 | C138: 华北 | D138: 内蒙古 | E138: 白塔店 | F138: 预计2月10日 | G138: 46060
A139: 袁 | B139: 2440 | C139: 安徽 | D139: 安徽 | E139: 亳州上善名郡店 | F139: 预计2月3日
A140: 陈 | B140: 2589 | C140: 西南 | D140: 四川 | E140: 科技学院店眉山 | F140: 预计2月4日 | G140: 预计2月10日
A141: 陈 | B141: 2350 | C141: 华中 | D141: 湖北 | E141: 随州大润发店 | F141: 预计2月5日 | G141: 预计2月8日
A142: 吴 | B142: 2512 | C142: 华中 | D142: 青海 | E142: 西宁景岳公寓店 | F142: 预计2月5日
A143: 吴 | B143: 2423 | C143: 粤闽 | D143: 广东 | E143: 深圳杨梅坑店 | F143: 预计2月6日
A144: 吴 | B144: 2526 | C144: 华中 | D144: 新疆 | E144: 华龙花园店阿克苏 | F144: 预计2月6日
A145: 陈 | B145: 2620 | C145: 西南 | D145: 重庆 | E145: 东邦购物中心店重庆 | F145: 预计2月7日 | G145: 预计2月9日
A146: 马 | B146: 2530 | C146: 华北 | D146: 河北 | E146: 文谦大道店沙河 | F146: 预计2月7日 | G146: 预计2月24日
A147: 窦 | B147: 2441 | C147: 华北 | D147: 山东 | E147: 滨州学院店 | F147: 预计2月8日 | H147: 已提交 | J147: 审批中 | K147: =VLOOKUP(B147,[1]线上建店审批明细!$A:$E,5,0) -> 已抄送 | 线上督导服务号-如有异议请联系区域经理（此账号不做回复） 已抄送 01/30 10:42; 已抄送 | 谢芳 已抄送 01/30 10:42; 已抄送 | 线上督导-鹿世鸣-督导部 已抄送 01/30 10:42; 已同意 | 贺龙娇 已同意 01/30 13:42; 已同意 | 杨文慧 已同意 01/30 13:51
...
